{"type": "metrics", "dataset": "train", "precision": 0.7075767063243582, "balanced_accuracy": 0.6051786490078563, "recall": 0.23910283537875582, "f1_score": 0.35742527281353786}
{"type": "metrics", "dataset": "test", "precision": 0.7231404958677686, "balanced_accuracy": 0.6234618573493806, "recall": 0.27530152071316205, "f1_score": 0.3987846562856058}
{"type": "cm_matrix", "dataset": "train", "true_0": {"predicted_0": 15779, "predicted_1": 467}, "true_1": {"predicted_0": 3596, "predicted_1": 1130}}
{"type": "cm_matrix", "dataset": "test", "true_0": {"predicted_0": 6882, "predicted_1": 201}, "true_1": {"predicted_0": 1382, "predicted_1": 525}}
